대륙,국적,성별(1),1월,2월,3월,4월,5월,6월,7월,8월,9월,10월,11월,12월
아시아주,중국,남자,125465 ,150763 ,157431 ,158890 ,168766 ,152113 ,163347 ,192156 ,167193 ,180859 ,163172 ,173564 
아시아주,중국,여자,201970 ,225369 ,259554 ,273646 ,273243 ,269577 ,287103 ,320872 ,302307 ,322030 ,288014 ,302763 
아시아주,일본,남자,77902 ,73575 ,109126 ,109894 ,107265 ,101322 ,98731 ,117186 ,93174 ,89479 ,91581 ,91961 
아시아주,일본,여자,132193 ,142106 ,268130 ,182281 ,181205 ,183363 ,178567 ,217082 ,160570 ,161575 ,169134 ,165686 
아시아주,타이완(대만),남자,33261 ,36312 ,32197 ,37784 ,35175 ,40028 ,42331 ,39986 ,35440 ,40840 ,32918 ,30912 
아시아주,타이완(대만),여자,57425 ,60574 ,68893 ,77643 ,69180 ,81057 ,74156 ,72078 ,69867 ,89508 ,71627 ,61491 
아시아주,한국계중국인,남자,42919 ,62302 ,53753 ,42931 ,41445 ,37725 ,44164 ,51581 ,53694 ,45742 ,39124 ,26839 
아시아주,한국계중국인,여자,41586 ,43065 ,39588 ,37184 ,36724 ,34765 ,45869 ,42130 ,43142 ,40426 ,33817 ,23804 
아시아주,홍콩,남자,12966 ,21470 ,14794 ,26297 ,17845 ,18912 ,21362 ,24306 ,14972 ,20445 ,18276 ,26744 
아시아주,홍콩,여자,22516 ,29359 ,30688 ,48986 ,38460 ,42076 ,37097 ,41036 ,30147 ,43853 ,39180 ,43782 
아시아주,베트남,남자,13042 ,27338 ,29707 ,33359 ,25733 ,30018 ,27713 ,24885 ,24367 ,30319 ,22310 ,17419 
아시아주,베트남,여자,10484 ,25330 ,29355 ,35824 ,23593 ,33211 ,29761 ,24395 ,24992 ,39042 ,24931 ,17512 
아시아주,타이(태국),남자,17634 ,17223 ,21695 ,26483 ,20224 ,15861 ,16073 ,15404 ,15615 ,24744 ,19870 ,22667 
아시아주,타이(태국),여자,24383 ,22627 ,32127 ,44095 ,33173 ,22487 ,21927 ,18203 ,21179 ,41876 ,30849 ,33772 
아시아주,필리핀,남자,23307 ,21556 ,26924 ,40197 ,34129 ,28177 ,22082 ,34813 ,25963 ,32610 ,26121 ,27976 
아시아주,필리핀,여자,9000 ,8753 ,12774 ,27347 ,17584 ,13525 ,7932 ,8243 ,11373 ,23587 ,16438 ,16092 
아시아주,말레이시아,남자,10804 ,13353 ,16863 ,17295 ,13617 ,11960 ,8752 ,10142 ,12299 ,17683 ,20423 ,25766 
아시아주,말레이시아,여자,11307 ,14221 ,23986 ,26474 ,17644 ,13641 ,8129 ,10435 ,15777 ,27724 ,28910 ,32049 
아시아주,인도네시아,남자,10571 ,10837 ,14236 ,17603 ,12876 ,16652 ,12031 ,13315 ,12434 ,15252 ,12817 ,16913 
아시아주,인도네시아,여자,8375 ,7407 ,11499 ,13920 ,6170 ,11393 ,6350 ,5069 ,7015 ,13367 ,11121 ,12923 
아시아주,싱가포르,남자,5422 ,5285 ,9754 ,9818 ,8865 ,11523 ,5773 ,6465 ,8315 ,10574 ,12587 ,19792 
아시아주,싱가포르,여자,4473 ,4560 ,12404 ,13536 ,11299 ,13255 ,5270 ,6589 ,9475 ,14187 ,15037 ,22478 
아시아주,인도,남자,7842 ,7429 ,9375 ,11221 ,12200 ,11369 ,9190 ,15422 ,11226 ,11610 ,10814 ,9055 
아시아주,인도,여자,950 ,1023 ,1388 ,1806 ,1747 ,1982 ,1342 ,1714 ,1630 ,1665 ,1499 ,1259 
아시아주,몽골,남자,4811 ,4842 ,4504 ,3823 ,4037 ,4249 ,4028 ,4650 ,5419 ,5228 ,4968 ,4675 
아시아주,몽골,여자,5391 ,4753 ,4587 ,4100 ,4296 ,5365 ,5216 ,5814 ,6056 ,6421 ,5929 ,5815 
아시아주,우즈베키스탄,남자,4506 ,5711 ,6877 ,5823 ,5440 ,5667 ,5733 ,6192 ,7227 ,6702 ,5785 ,4370 
아시아주,우즈베키스탄,여자,1733 ,2107 ,2227 ,2044 ,1919 ,2261 ,2293 ,2643 ,2542 ,2351 ,1944 ,1537 
아시아주,미얀마,남자,5051 ,4992 ,6410 ,6089 ,5956 ,5788 ,4993 ,4973 ,5957 ,5181 ,5052 ,6326 
아시아주,미얀마,여자,267 ,411 ,660 ,1215 ,653 ,553 ,472 ,578 ,639 ,749 ,679 ,599 
아시아주,카자흐스탄,남자,1887 ,2037 ,2482 ,2416 ,2376 ,2464 ,2480 ,2480 ,2566 ,2404 ,1904 ,1722 
아시아주,카자흐스탄,여자,1848 ,2011 ,2675 ,2401 ,2438 ,2692 ,2773 ,2836 ,2694 ,2599 ,1992 ,1834 
아시아주,마카오,남자,786 ,1517 ,846 ,1226 ,760 ,983 ,1707 ,2177 ,769 ,1173 ,1330 ,2862 
아시아주,마카오,여자,1791 ,2456 ,2207 ,3085 ,2153 ,2642 ,3545 ,4149 ,1962 ,3336 ,3568 ,5487 
아시아주,캄보디아,남자,2013 ,2604 ,1918 ,3809 ,3065 ,2574 ,1722 ,1800 ,2454 ,2338 ,2168 ,2407 
아시아주,캄보디아,여자,957 ,1428 ,963 ,2090 ,1618 ,1417 ,1089 ,1104 ,1421 ,1387 ,1709 ,1658 
아시아주,터키,남자,1569 ,1485 ,2098 ,2141 ,2062 ,2116 ,2276 ,2149 ,2296 ,2347 ,2360 ,2199 
아시아주,터키,여자,242 ,310 ,466 ,727 ,470 ,755 ,717 ,924 ,578 ,585 ,556 ,336 
아시아주,네팔,남자,1687 ,1796 ,2215 ,1999 ,1702 ,2107 ,1686 ,1873 ,2183 ,1526 ,2000 ,1856 
아시아주,네팔,여자,260 ,344 ,422 ,275 ,282 ,347 ,375 ,487 ,458 ,293 ,330 ,366 
아시아주,스리랑카,남자,1221 ,1412 ,1424 ,1374 ,1484 ,1728 ,1247 ,1751 ,1969 ,1334 ,981 ,1256 
아시아주,스리랑카,여자,94 ,128 ,95 ,130 ,72 ,112 ,129 ,193 ,165 ,135 ,110 ,85 
아시아주,방글라데시,남자,1211 ,1526 ,1618 ,1245 ,1125 ,1172 ,1080 ,1694 ,1770 ,1597 ,1203 ,1503 
아시아주,방글라데시,여자,71 ,185 ,136 ,110 ,131 ,138 ,152 ,240 ,153 ,158 ,127 ,133 
아시아주,이스라엘,남자,626 ,563 ,1067 ,1201 ,935 ,743 ,908 ,727 ,1087 ,1601 ,999 ,626 
아시아주,이스라엘,여자,209 ,215 ,572 ,1050 ,495 ,227 ,443 ,407 ,777 ,1263 ,443 ,234 
아시아주,파키스탄,남자,973 ,1358 ,1242 ,1211 ,810 ,932 ,995 ,1117 ,1433 ,968 ,969 ,1104 
아시아주,파키스탄,여자,161 ,219 ,155 ,135 ,125 ,164 ,192 ,185 ,161 ,122 ,125 ,128 
아시아주,사우디아라비아,남자,418 ,414 ,481 ,666 ,266 ,2021 ,1148 ,1397 ,711 ,593 ,652 ,484 
아시아주,사우디아라비아,여자,141 ,155 ,239 ,390 ,86 ,994 ,1023 ,1261 ,316 ,263 ,244 ,201 
아시아주,아랍에미리트연합,남자,498 ,492 ,874 ,772 ,238 ,609 ,771 ,739 ,515 ,588 ,667 ,689 
아시아주,아랍에미리트연합,여자,301 ,229 ,890 ,739 ,123 ,429 ,782 ,771 ,358 ,392 ,447 ,638 
아시아주,라오스,남자,484 ,482 ,493 ,649 ,379 ,458 ,476 ,567 ,527 ,747 ,622 ,570 
아시아주,라오스,여자,339 ,336 ,492 ,923 ,441 ,641 ,419 ,573 ,711 ,794 ,630 ,625 
아시아주,키르기즈,남자,286 ,389 ,461 ,438 ,346 ,423 ,540 ,572 ,643 ,505 ,455 ,296 
아시아주,키르기즈,여자,202 ,251 ,220 ,210 ,222 ,238 ,362 ,426 ,363 ,311 ,235 ,177 
아시아주,브루나이,남자,231 ,224 ,403 ,343 ,220 ,267 ,197 ,197 ,282 ,287 ,382 ,609 
아시아주,브루나이,여자,210 ,169 ,444 ,259 ,114 ,158 ,119 ,161 ,231 ,247 ,347 ,752 
아시아주,타지키스탄,남자,164 ,261 ,320 ,360 ,266 ,363 ,367 ,309 ,423 ,593 ,425 ,314 
아시아주,타지키스탄,여자,19 ,40 ,28 ,43 ,22 ,23 ,48 ,50 ,46 ,36 ,30 ,33 
아시아주,이란,남자,147 ,256 ,269 ,240 ,218 ,322 ,254 ,358 ,292 ,382 ,311 ,193 
아시아주,이란,여자,50 ,93 ,135 ,79 ,70 ,86 ,90 ,203 ,177 ,140 ,111 ,83 
아시아주,쿠웨이트,남자,122 ,80 ,204 ,173 ,72 ,171 ,201 ,259 ,246 ,202 ,172 ,84 
아시아주,쿠웨이트,여자,141 ,63 ,117 ,137 ,22 ,197 ,145 ,344 ,87 ,139 ,79 ,87 
아시아주,요르단,남자,174 ,182 ,212 ,264 ,143 ,270 ,220 ,198 ,242 ,308 ,242 ,170 
아시아주,요르단,여자,15 ,25 ,34 ,30 ,16 ,54 ,37 ,48 ,35 ,33 ,39 ,25 
아시아주,이라크,남자,118 ,174 ,244 ,251 ,119 ,213 ,271 ,177 ,283 ,284 ,191 ,173 
아시아주,이라크,여자,15 ,30 ,45 ,25 ,11 ,64 ,33 ,39 ,63 ,27 ,24 ,18 
아시아주,카타르,남자,159 ,35 ,97 ,151 ,40 ,100 ,173 ,199 ,63 ,70 ,113 ,114 
아시아주,카타르,여자,23 ,16 ,73 ,134 ,10 ,66 ,190 ,203 ,43 ,64 ,28 ,123 
아시아주,시리아,남자,121 ,101 ,115 ,121 ,97 ,140 ,147 ,136 ,198 ,161 ,113 ,115 
아시아주,시리아,여자,8 ,11 ,18 ,14 ,10 ,24 ,25 ,36 ,31 ,33 ,25 ,36 
아시아주,오만,남자,30 ,34 ,55 ,93 ,55 ,116 ,122 ,92 ,80 ,85 ,93 ,47 
아시아주,오만,여자,13 ,15 ,18 ,60 ,8 ,69 ,74 ,49 ,20 ,38 ,26 ,15 
아시아주,티모르민주공화국(동티모르),남자,76 ,65 ,111 ,127 ,47 ,106 ,177 ,88 ,148 ,121 ,34 ,66 
아시아주,티모르민주공화국(동티모르),여자,6 ,19 ,5 ,17 ,13 ,3 ,8 ,15 ,12 ,10 ,5 ,6 
아시아주,레바논,남자,53 ,32 ,78 ,94 ,71 ,85 ,62 ,58 ,86 ,98 ,91 ,58 
아시아주,레바논,여자,13 ,9 ,24 ,32 ,22 ,25 ,13 ,22 ,19 ,15 ,16 ,19 
아시아주,키프로스,남자,43 ,40 ,58 ,73 ,74 ,56 ,64 ,69 ,72 ,91 ,58 ,65 
아시아주,키프로스,여자,3 ,11 ,18 ,34 ,21 ,21 ,29 ,26 ,29 ,27 ,13 ,15 
아시아주,아프가니스탄,남자,48 ,53 ,46 ,56 ,39 ,61 ,68 ,80 ,86 ,64 ,59 ,31 
아시아주,아프가니스탄,여자,13 ,7 ,4 ,4 ,8 ,22 ,19 ,16 ,15 ,6 ,9 ,9 
아시아주,투르크메니스탄,남자,11 ,61 ,43 ,21 ,21 ,34 ,34 ,98 ,41 ,65 ,57 ,33 
아시아주,투르크메니스탄,여자,12 ,26 ,21 ,27 ,13 ,29 ,24 ,63 ,23 ,15 ,33 ,13 
아시아주,바레인,남자,20 ,33 ,36 ,51 ,29 ,58 ,53 ,55 ,47 ,30 ,73 ,28 
아시아주,바레인,여자,23 ,10 ,17 ,23 ,7 ,34 ,37 ,58 ,20 ,27 ,19 ,21 
아시아주,예멘공화국,남자,38 ,36 ,48 ,55 ,27 ,64 ,53 ,56 ,61 ,68 ,53 ,48 
아시아주,예멘공화국,여자,12 ,18 ,13 ,17 ,4 ,13 ,13 ,19 ,11 ,13 ,14 ,5 
아시아주,부탄,남자,13 ,20 ,53 ,16 ,48 ,45 ,10 ,27 ,46 ,71 ,21 ,21 
아시아주,부탄,여자,4 ,13 ,21 ,18 ,16 ,21 ,14 ,21 ,22 ,18 ,11 ,16 
아시아주,팔레스타인,남자,23 ,13 ,47 ,27 ,9 ,19 ,31 ,34 ,32 ,30 ,18 ,15 
아시아주,팔레스타인,여자,7 ,3 ,20 ,6 ,4 ,6 ,20 ,16 ,9 ,8 ,4 ,2 
아시아주,몰디브,남자,11 ,11 ,24 ,14 ,4 ,14 ,14 ,14 ,12 ,25 ,14 ,11 
아시아주,몰디브,여자,2 ,1 ,6 ,2 ,3 ,10 ,5 ,74 ,3 ,9 ,9 ,11 
아시아주,홍콩거주난민,남자,0 ,0 ,0 ,0 ,0 ,1 ,2 ,0 ,0 ,0 ,0 ,0 
아시아주,홍콩거주난민,여자,0 ,1 ,0 ,0 ,0 ,2 ,1 ,3 ,0 ,0 ,0 ,0 
아시아주,영령 인도양섬,남자,0 ,0 ,0 ,0 ,0 ,0 ,3 ,0 ,0 ,0 ,0 ,0 
아시아주,영령 인도양섬,여자,0 ,0 ,0 ,0 ,0 ,0 ,0 ,0 ,0 ,0 ,0 ,0 
북아메리카주,미국,남자,44633 ,40695 ,54117 ,62151 ,59863 ,65885 ,61871 ,56613 ,57145 ,61748 ,53733 ,50367 
북아메리카주,미국,여자,26160 ,24955 ,37340 ,48032 ,43475 ,49311 ,45637 ,38882 ,41011 ,46325 ,35343 ,33858 
북아메리카주,캐나다,남자,7261 ,7788 ,9993 ,11220 ,10460 ,8866 ,8825 ,9617 ,10194 ,11278 ,9365 ,8473 
북아메리카주,캐나다,여자,5473 ,6072 ,8897 ,10309 ,9171 ,7440 ,7574 ,7485 ,8279 ,9538 ,7672 ,7029 
북아메리카주,캐나다,제3의성,0 ,0 ,0 ,0 ,0 ,0 ,0 ,0 ,0 ,0 ,0 ,2 
남아메리카주,멕시코,남자,1261 ,972 ,1490 ,1887 ,1661 ,1429 ,1763 ,1799 ,1831 ,1806 ,1517 ,1446 
남아메리카주,멕시코,여자,629 ,485 ,730 ,1427 ,920 ,957 ,1509 ,1043 ,1234 ,1090 ,913 ,957 
남아메리카주,브라질,남자,1032 ,909 ,1067 ,1338 ,1350 ,1187 ,1186 ,1418 ,1529 ,1535 ,1272 ,1154 
남아메리카주,브라질,여자,607 ,475 ,640 ,909 ,729 ,758 ,817 ,805 ,1013 ,939 ,672 ,829 
남아메리카주,콜롬비아,남자,189 ,181 ,375 ,399 ,378 ,358 ,350 ,392 ,468 ,465 ,364 ,262 
남아메리카주,콜롬비아,여자,162 ,164 ,222 ,326 ,295 ,334 ,343 ,324 ,384 ,312 ,272 ,268 
남아메리카주,칠레,남자,219 ,205 ,279 ,445 ,380 ,242 ,221 ,291 ,351 ,638 ,278 ,174 
남아메리카주,칠레,여자,197 ,216 ,181 ,292 ,231 ,149 ,179 ,115 ,303 ,245 ,129 ,116 
남아메리카주,아르헨티나,남자,188 ,139 ,265 ,393 ,272 ,243 ,229 ,265 ,406 ,400 ,253 ,187 
남아메리카주,아르헨티나,여자,171 ,117 ,143 ,229 ,187 ,117 ,135 ,144 ,253 ,221 ,139 ,150 
남아메리카주,페루,남자,139 ,143 ,209 ,266 ,243 ,205 ,208 ,352 ,280 ,292 ,221 ,156 
남아메리카주,페루,여자,125 ,138 ,142 ,199 ,172 ,150 ,267 ,237 ,223 ,257 ,164 ,157 
남아메리카주,에콰도르,남자,84 ,111 ,167 ,130 ,118 ,114 ,140 ,156 ,209 ,141 ,118 ,122 
남아메리카주,에콰도르,여자,45 ,69 ,108 ,67 ,84 ,55 ,119 ,140 ,192 ,86 ,77 ,65 
남아메리카주,베네수엘라,남자,100 ,87 ,111 ,114 ,107 ,115 ,107 ,107 ,114 ,127 ,106 ,100 
남아메리카주,베네수엘라,여자,57 ,54 ,65 ,73 ,61 ,63 ,68 ,79 ,53 ,67 ,61 ,31 
남아메리카주,코스타리카,남자,47 ,52 ,57 ,120 ,88 ,64 ,68 ,122 ,58 ,94 ,87 ,65 
남아메리카주,코스타리카,여자,16 ,28 ,35 ,86 ,64 ,43 ,58 ,55 ,58 ,65 ,56 ,42 
남아메리카주,온두라스,남자,42 ,15 ,88 ,188 ,148 ,97 ,97 ,241 ,81 ,115 ,85 ,44 
남아메리카주,온두라스,여자,12 ,14 ,17 ,15 ,18 ,22 ,23 ,24 ,15 ,29 ,36 ,16 
남아메리카주,도미니카공화국,남자,57 ,58 ,85 ,109 ,89 ,93 ,85 ,70 ,99 ,147 ,73 ,50 
남아메리카주,도미니카공화국,여자,18 ,31 ,36 ,36 ,28 ,51 ,33 ,34 ,51 ,42 ,20 ,25 
남아메리카주,자메이카,남자,61 ,46 ,130 ,137 ,57 ,46 ,60 ,100 ,83 ,178 ,86 ,50 
남아메리카주,자메이카,여자,12 ,14 ,16 ,31 ,21 ,18 ,25 ,56 ,57 ,36 ,24 ,35 
남아메리카주,파나마,남자,37 ,64 ,49 ,90 ,82 ,51 ,62 ,84 ,78 ,87 ,75 ,27 
남아메리카주,파나마,여자,34 ,62 ,30 ,45 ,47 ,37 ,40 ,38 ,59 ,83 ,50 ,26 
남아메리카주,과테말라,남자,24 ,24 ,49 ,120 ,62 ,69 ,38 ,62 ,60 ,54 ,79 ,44 
남아메리카주,과테말라,여자,30 ,23 ,17 ,49 ,30 ,28 ,29 ,32 ,35 ,51 ,41 ,41 
남아메리카주,엘살바도르,남자,46 ,57 ,52 ,81 ,66 ,71 ,53 ,40 ,77 ,49 ,56 ,39 
남아메리카주,엘살바도르,여자,21 ,19 ,11 ,20 ,22 ,27 ,33 ,34 ,38 ,24 ,28 ,20 
남아메리카주,우루과이,남자,14 ,16 ,15 ,21 ,29 ,82 ,36 ,19 ,56 ,35 ,42 ,18 
남아메리카주,우루과이,여자,12 ,12 ,15 ,18 ,25 ,104 ,20 ,29 ,65 ,26 ,20 ,15 
남아메리카주,볼리비아,남자,29 ,31 ,66 ,42 ,38 ,41 ,59 ,44 ,69 ,42 ,28 ,22 
남아메리카주,볼리비아,여자,13 ,15 ,13 ,18 ,16 ,33 ,25 ,31 ,31 ,15 ,8 ,11 
남아메리카주,파라과이,남자,20 ,31 ,21 ,29 ,42 ,49 ,30 ,45 ,46 ,40 ,19 ,10 
남아메리카주,파라과이,여자,20 ,25 ,19 ,36 ,25 ,23 ,32 ,45 ,43 ,29 ,13 ,16 
남아메리카주,트리니다드토바고,남자,8 ,19 ,16 ,28 ,19 ,14 ,19 ,30 ,29 ,34 ,18 ,9 
남아메리카주,트리니다드토바고,여자,5 ,9 ,12 ,22 ,10 ,9 ,14 ,34 ,18 ,22 ,12 ,10 
남아메리카주,니카라과,남자,11 ,11 ,12 ,55 ,21 ,25 ,12 ,61 ,13 ,16 ,14 ,8 
남아메리카주,니카라과,여자,4 ,6 ,14 ,8 ,10 ,26 ,5 ,28 ,12 ,6 ,16 ,9 
남아메리카주,세인트크리스토퍼네비스,남자,10 ,15 ,20 ,33 ,29 ,30 ,21 ,31 ,24 ,32 ,25 ,22 
남아메리카주,세인트크리스토퍼네비스,여자,7 ,4 ,9 ,10 ,5 ,10 ,8 ,8 ,4 ,8 ,9 ,10 
남아메리카주,쿠바,남자,5 ,6 ,6 ,25 ,17 ,18 ,28 ,15 ,20 ,11 ,52 ,10 
남아메리카주,쿠바,여자,3 ,3 ,7 ,8 ,9 ,17 ,38 ,6 ,15 ,3 ,6 ,0 
남아메리카주,도미니카연방,남자,13 ,14 ,32 ,19 ,14 ,21 ,18 ,15 ,18 ,30 ,12 ,23 
남아메리카주,도미니카연방,여자,3 ,2 ,9 ,10 ,1 ,3 ,8 ,10 ,6 ,7 ,6 ,10 
남아메리카주,세인트루시아,남자,6 ,3 ,7 ,12 ,7 ,2 ,11 ,145 ,13 ,5 ,5 ,9 
남아메리카주,세인트루시아,여자,1 ,2 ,3 ,1 ,6 ,1 ,3 ,4 ,1 ,1 ,4 ,0 
남아메리카주,아이티,남자,4 ,9 ,8 ,8 ,9 ,15 ,13 ,10 ,11 ,8 ,6 ,7 
남아메리카주,아이티,여자,4 ,3 ,2 ,1 ,3 ,29 ,9 ,11 ,13 ,5 ,6 ,4 
남아메리카주,그레나다,남자,9 ,0 ,17 ,23 ,5 ,2 ,4 ,10 ,14 ,11 ,10 ,6 
남아메리카주,그레나다,여자,4 ,1 ,7 ,8 ,0 ,2 ,3 ,7 ,10 ,3 ,7 ,0 
남아메리카주,바하마,남자,1 ,2 ,3 ,6 ,4 ,2 ,10 ,2 ,13 ,4 ,5 ,4 
남아메리카주,바하마,여자,2 ,1 ,2 ,8 ,4 ,6 ,8 ,10 ,9 ,24 ,11 ,6 
남아메리카주,가이아나,남자,1 ,2 ,5 ,8 ,12 ,1 ,11 ,3 ,9 ,10 ,6 ,2 
남아메리카주,가이아나,여자,2 ,2 ,2 ,5 ,2 ,1 ,6 ,4 ,9 ,3 ,6 ,0 
남아메리카주,바베이도스,남자,2 ,5 ,3 ,3 ,1 ,2 ,9 ,10 ,6 ,8 ,4 ,6 
남아메리카주,바베이도스,여자,3 ,3 ,0 ,2 ,3 ,0 ,10 ,5 ,9 ,5 ,1 ,6 
남아메리카주,앤티카바부다,남자,5 ,3 ,5 ,9 ,3 ,5 ,3 ,5 ,3 ,4 ,9 ,6 
남아메리카주,앤티카바부다,여자,2 ,2 ,1 ,6 ,1 ,7 ,10 ,2 ,5 ,1 ,5 ,2 
남아메리카주,수리남,남자,0 ,1 ,3 ,3 ,0 ,7 ,12 ,6 ,3 ,8 ,1 ,3 
남아메리카주,수리남,여자,1 ,2 ,3 ,3 ,3 ,1 ,12 ,6 ,2 ,4 ,2 ,1 
남아메리카주,벨리즈,남자,2 ,1 ,2 ,7 ,2 ,0 ,2 ,8 ,5 ,3 ,2 ,0 
남아메리카주,벨리즈,여자,0 ,2 ,3 ,1 ,2 ,1 ,3 ,7 ,2 ,3 ,8 ,2 
남아메리카주,세인트빈센트그레나딘,남자,1 ,4 ,10 ,8 ,3 ,1 ,5 ,2 ,3 ,11 ,5 ,0 
남아메리카주,세인트빈센트그레나딘,여자,0 ,0 ,1 ,0 ,3 ,2 ,2 ,3 ,1 ,2 ,0 ,0 
남아메리카주,미국인근섬,남자,0 ,0 ,0 ,1 ,1 ,0 ,0 ,1 ,0 ,2 ,0 ,0 
남아메리카주,미국인근섬,여자,0 ,0 ,0 ,0 ,0 ,0 ,0 ,0 ,0 ,0 ,0 ,0 
남아메리카주,영령 버진아일랜드,남자,0 ,0 ,0 ,0 ,0 ,0 ,1 ,0 ,0 ,0 ,0 ,0 
남아메리카주,영령 버진아일랜드,여자,0 ,0 ,0 ,0 ,0 ,0 ,0 ,0 ,0 ,0 ,0 ,0 
남아메리카주,남조지아 남샌드위치 군도,남자,0 ,0 ,0 ,0 ,0 ,0 ,0 ,0 ,0 ,0 ,0 ,0 
남아메리카주,남조지아 남샌드위치 군도,여자,0 ,0 ,0 ,0 ,0 ,0 ,0 ,0 ,0 ,0 ,0 ,0 
유럽주,러시아(연방),남자,15908 ,12892 ,16623 ,20630 ,20231 ,16367 ,15668 ,15389 ,17628 ,18976 ,16232 ,16451 
유럽주,러시아(연방),여자,9843 ,7736 ,11927 ,14061 ,13254 ,12875 ,13365 ,14240 ,13394 ,14936 ,10913 ,10554 
유럽주,영국,남자,6894 ,5472 ,8320 ,10186 ,7721 ,7224 ,6993 ,8579 ,8862 ,10417 ,7914 ,5924 
유럽주,영국,여자,3534 ,2631 ,4690 ,6700 ,3972 ,4071 ,4041 ,4875 ,4684 ,5652 ,3762 ,3014 
유럽주,독일,남자,5494 ,5241 ,7882 ,8782 ,7543 ,6553 ,6791 ,7472 ,8534 ,9175 ,7648 ,5341 
유럽주,독일,여자,1477 ,1732 ,3367 ,4202 ,2667 ,2487 ,2989 ,3826 ,4229 ,4237 ,2267 ,2053 
유럽주,프랑스,남자,4126 ,3987 ,5051 ,7045 ,6686 ,5554 ,6278 ,7460 ,6571 ,7881 ,5544 ,4545 
유럽주,프랑스,여자,1644 ,1958 ,2581 ,4707 ,3864 ,3131 ,4558 ,5764 ,3826 ,4789 ,2675 ,2363 
유럽주,이탈리아,남자,2261 ,1919 ,2834 ,3368 ,3932 ,3154 ,3357 ,4244 ,3409 ,3859 ,3456 ,2416 
유럽주,이탈리아,여자,515 ,496 ,787 ,1051 ,956 ,1012 ,1074 ,1728 ,1144 ,1133 ,1005 ,705 
유럽주,네덜란드,남자,1804 ,1791 ,2185 ,2791 ,2425 ,2090 ,2642 ,2714 ,2550 ,2907 ,2403 ,1832 
유럽주,네덜란드,여자,499 ,589 ,744 ,1320 ,950 ,838 ,1521 ,1290 ,963 ,1164 ,826 ,658 
유럽주,스페인,남자,1022 ,952 ,1414 ,1759 ,1686 ,1652 ,1856 ,2655 ,1955 ,2028 ,1772 ,1166 
유럽주,스페인,여자,379 ,460 ,614 ,950 ,744 ,968 ,1238 ,1953 ,1217 ,1159 ,865 ,592 
유럽주,우크라이나,남자,2025 ,1840 ,2080 ,2251 ,2116 ,1711 ,1897 ,2577 ,1863 ,2007 ,1850 ,1908 
유럽주,우크라이나,여자,269 ,308 ,341 ,362 ,328 ,299 ,399 ,414 ,438 ,423 ,338 ,316 
유럽주,폴란드,남자,1092 ,1013 ,1474 ,1559 ,1668 ,1568 ,1305 ,1515 ,1661 ,1699 ,1537 ,1089 
유럽주,폴란드,여자,251 ,271 ,505 ,767 ,608 ,648 ,658 ,836 ,934 ,652 ,495 ,330 
유럽주,한국계러시아인,남자,0 ,0 ,0 ,0 ,0 ,0 ,0 ,0 ,0 ,0 ,0 ,0 
유럽주,한국계러시아인,여자,0 ,0 ,0 ,0 ,0 ,0 ,0 ,0 ,0 ,0 ,0 ,0 
유럽주,스웨덴,남자,718 ,641 ,932 ,1314 ,1122 ,1180 ,1067 ,922 ,1265 ,1418 ,1056 ,858 
유럽주,스웨덴,여자,284 ,309 ,551 ,889 ,549 ,918 ,676 ,605 ,771 ,911 ,562 ,460 
유럽주,스위스,남자,561 ,614 ,834 ,1367 ,1086 ,829 ,1166 ,1030 ,1219 ,1363 ,851 ,720 
유럽주,스위스,여자,213 ,291 ,423 ,898 ,519 ,433 ,896 ,665 ,735 ,808 ,348 ,322 
유럽주,벨기에,남자,576 ,512 ,1031 ,940 ,930 ,841 ,940 ,835 ,1021 ,1020 ,889 ,566 
유럽주,벨기에,여자,151 ,161 ,402 ,563 ,338 ,349 ,622 ,490 ,542 ,500 ,327 ,201 
유럽주,핀란드,남자,716 ,724 ,844 ,881 ,962 ,878 ,731 ,799 ,954 ,1001 ,926 ,777 
유럽주,핀란드,여자,163 ,217 ,255 ,409 ,401 ,473 ,294 ,285 ,327 ,487 ,300 ,301 
유럽주,덴마크,남자,614 ,534 ,745 ,898 ,873 ,683 ,897 ,664 ,849 ,1189 ,819 ,554 
유럽주,덴마크,여자,159 ,176 ,276 ,515 ,339 ,267 ,618 ,403 ,410 ,635 ,328 ,244 
유럽주,루마니아,남자,747 ,658 ,884 ,1022 ,937 ,756 ,753 ,1154 ,877 ,1056 ,855 ,649 
유럽주,루마니아,여자,135 ,118 ,170 ,314 ,203 ,232 ,211 ,297 ,319 ,256 ,195 ,136 
유럽주,오스트리아,남자,614 ,555 ,719 ,801 ,741 ,654 ,774 ,791 ,918 ,1024 ,868 ,576 
유럽주,오스트리아,여자,174 ,211 ,210 ,353 ,259 ,252 ,412 ,447 ,467 ,451 ,255 ,216 
유럽주,노르웨이,남자,639 ,435 ,600 ,914 ,595 ,688 ,812 ,521 ,711 ,866 ,616 ,463 
유럽주,노르웨이,여자,187 ,160 ,276 ,597 ,238 ,483 ,702 ,297 ,369 ,369 ,239 ,222 
유럽주,체코,남자,740 ,610 ,638 ,670 ,766 ,621 ,747 ,744 ,797 ,773 ,773 ,616 
유럽주,체코,여자,339 ,215 ,207 ,214 ,235 ,230 ,305 ,319 ,303 ,293 ,221 ,256 
유럽주,포르투갈,남자,357 ,354 ,492 ,591 ,571 ,490 ,527 ,778 ,585 ,567 ,562 ,496 
유럽주,포르투갈,여자,212 ,318 ,334 ,607 ,350 ,381 ,435 ,571 ,421 ,551 ,420 ,510 
유럽주,영국보호민,남자,230 ,285 ,271 ,389 ,352 ,351 ,319 ,361 ,391 ,518 ,489 ,588 
유럽주,영국보호민,여자,320 ,343 ,436 ,542 ,494 ,528 ,411 ,461 ,558 ,840 ,792 ,799 
유럽주,아일랜드,남자,464 ,458 ,539 ,665 ,532 ,561 ,544 ,707 ,824 ,987 ,571 ,474 
유럽주,아일랜드,여자,171 ,181 ,215 ,331 ,240 ,280 ,285 ,286 ,382 ,437 ,223 ,190 
유럽주,그리스,남자,738 ,561 ,715 ,700 ,671 ,665 ,666 ,626 ,831 ,877 ,791 ,675 
유럽주,그리스,여자,47 ,53 ,96 ,103 ,82 ,108 ,143 ,159 ,201 ,148 ,111 ,83 
유럽주,불가리아,남자,394 ,280 ,386 ,619 ,491 ,380 ,422 ,581 ,519 ,493 ,377 ,387 
유럽주,불가리아,여자,40 ,48 ,71 ,125 ,150 ,69 ,123 ,183 ,146 ,165 ,97 ,57 
유럽주,헝가리,남자,195 ,158 ,258 ,319 ,337 ,299 ,398 ,428 ,407 ,502 ,435 ,326 
유럽주,헝가리,여자,95 ,131 ,131 ,206 ,159 ,220 ,299 ,275 ,226 ,251 ,183 ,125 
유럽주,크로아티아,남자,468 ,423 ,438 ,525 ,520 ,368 ,411 ,563 ,424 ,441 ,483 ,352 
유럽주,크로아티아,여자,30 ,28 ,52 ,56 ,50 ,37 ,51 ,53 ,78 ,58 ,62 ,29 
유럽주,세르비아,남자,217 ,130 ,240 ,341 ,409 ,274 ,274 ,474 ,293 ,406 ,249 ,187 
유럽주,세르비아,여자,48 ,50 ,71 ,99 ,77 ,77 ,76 ,78 ,92 ,128 ,82 ,45 
유럽주,슬로바크,남자,178 ,128 ,184 ,264 ,243 ,181 ,141 ,190 ,232 ,216 ,302 ,112 
유럽주,슬로바크,여자,105 ,59 ,66 ,108 ,92 ,88 ,142 ,105 ,103 ,110 ,156 ,73 
유럽주,리투아니아,남자,79 ,86 ,139 ,140 ,151 ,93 ,149 ,161 ,185 ,173 ,121 ,101 
유럽주,리투아니아,여자,52 ,65 ,81 ,136 ,96 ,64 ,125 ,111 ,102 ,146 ,91 ,58 
유럽주,라트비아,남자,135 ,154 ,114 ,201 ,158 ,103 ,137 ,131 ,97 ,122 ,131 ,109 
유럽주,라트비아,여자,29 ,62 ,56 ,112 ,64 ,54 ,40 ,53 ,82 ,85 ,47 ,50 
유럽주,벨로루시,남자,75 ,66 ,80 ,136 ,114 ,116 ,104 ,132 ,137 ,156 ,126 ,65 
유럽주,벨로루시,여자,46 ,52 ,64 ,66 ,70 ,82 ,104 ,112 ,79 ,112 ,106 ,43 
유럽주,몬테네그로,남자,77 ,102 ,227 ,184 ,193 ,198 ,217 ,188 ,268 ,248 ,125 ,159 
유럽주,몬테네그로,여자,1 ,1 ,3 ,5 ,3 ,1 ,6 ,6 ,1 ,7 ,18 ,2 
유럽주,에스토니아,남자,53 ,76 ,86 ,85 ,61 ,73 ,69 ,66 ,92 ,118 ,69 ,60 
유럽주,에스토니아,여자,18 ,46 ,45 ,70 ,53 ,48 ,42 ,79 ,82 ,102 ,62 ,34 
유럽주,슬로베니아,남자,60 ,60 ,80 ,110 ,92 ,87 ,84 ,82 ,109 ,105 ,98 ,54 
유럽주,슬로베니아,여자,23 ,23 ,36 ,70 ,45 ,45 ,38 ,54 ,50 ,48 ,27 ,25 
유럽주,아제르바이잔,남자,53 ,58 ,59 ,112 ,67 ,81 ,79 ,116 ,110 ,129 ,102 ,75 
유럽주,아제르바이잔,여자,16 ,15 ,18 ,17 ,23 ,39 ,32 ,73 ,30 ,27 ,35 ,21 
유럽주,조지아,남자,81 ,64 ,92 ,75 ,85 ,109 ,63 ,94 ,92 ,88 ,87 ,107 
유럽주,조지아,여자,9 ,10 ,26 ,38 ,19 ,35 ,15 ,40 ,36 ,21 ,32 ,20 
유럽주,룩셈부르크,남자,28 ,27 ,30 ,72 ,37 ,39 ,78 ,76 ,63 ,45 ,31 ,35 
유럽주,룩셈부르크,여자,17 ,22 ,14 ,75 ,15 ,16 ,51 ,80 ,23 ,26 ,14 ,25 
유럽주,아이슬란드,남자,28 ,21 ,43 ,46 ,42 ,25 ,34 ,29 ,48 ,52 ,40 ,28 
유럽주,아이슬란드,여자,13 ,16 ,18 ,49 ,21 ,30 ,38 ,23 ,25 ,35 ,33 ,13 
유럽주,영국 외지민,남자,77 ,75 ,73 ,62 ,63 ,49 ,61 ,58 ,51 ,62 ,46 ,27 
유럽주,영국 외지민,여자,0 ,0 ,0 ,0 ,0 ,0 ,0 ,0 ,0 ,0 ,0 ,0 
유럽주,몰타,남자,21 ,11 ,33 ,79 ,29 ,23 ,33 ,25 ,32 ,53 ,43 ,24 
유럽주,몰타,여자,4 ,3 ,12 ,37 ,18 ,20 ,14 ,17 ,17 ,32 ,17 ,6 
유럽주,유고슬라비아,남자,17 ,15 ,24 ,24 ,21 ,19 ,28 ,23 ,23 ,32 ,34 ,14 
유럽주,유고슬라비아,여자,9 ,3 ,14 ,21 ,13 ,10 ,13 ,15 ,11 ,24 ,17 ,10 
유럽주,알바니아,남자,12 ,25 ,27 ,18 ,16 ,29 ,14 ,26 ,32 ,24 ,21 ,18 
유럽주,알바니아,여자,11 ,9 ,5 ,8 ,15 ,12 ,14 ,30 ,23 ,22 ,11 ,6 
유럽주,몰도바,남자,21 ,20 ,12 ,25 ,29 ,22 ,29 ,74 ,15 ,23 ,27 ,13 
유럽주,몰도바,여자,2 ,9 ,14 ,5 ,6 ,5 ,6 ,19 ,7 ,24 ,9 ,7 
유럽주,아르메니아,남자,12 ,9 ,9 ,17 ,19 ,21 ,20 ,17 ,11 ,20 ,36 ,18 
유럽주,아르메니아,여자,15 ,14 ,8 ,21 ,15 ,10 ,17 ,27 ,23 ,23 ,10 ,17 
유럽주,보스니아-헤르체고비나,남자,14 ,13 ,24 ,41 ,41 ,30 ,12 ,89 ,22 ,48 ,21 ,16 
유럽주,보스니아-헤르체고비나,여자,0 ,0 ,0 ,0 ,0 ,0 ,0 ,0 ,0 ,0 ,0 ,0 
유럽주,코소보,남자,1 ,4 ,2 ,2 ,3 ,4 ,5 ,1 ,31 ,5 ,7 ,0 
유럽주,코소보,여자,1 ,5 ,0 ,1 ,4 ,1 ,6 ,2 ,13 ,1 ,2 ,1 
유럽주,안도라,남자,0 ,1 ,1 ,5 ,4 ,3 ,3 ,7 ,4 ,1 ,1 ,2 
유럽주,안도라,여자,2 ,0 ,4 ,4 ,3 ,2 ,3 ,4 ,2 ,0 ,2 ,1 
유럽주,리히텐슈타인,남자,1 ,3 ,3 ,9 ,2 ,3 ,6 ,1 ,8 ,1 ,2 ,0 
유럽주,리히텐슈타인,여자,0 ,0 ,2 ,5 ,0 ,0 ,8 ,1 ,3 ,0 ,1 ,0 
유럽주,모나코,남자,0 ,0 ,2 ,1 ,2 ,1 ,3 ,0 ,2 ,6 ,4 ,8 
유럽주,모나코,여자,0 ,0 ,0 ,1 ,0 ,1 ,3 ,1 ,1 ,10 ,1 ,5 
유럽주,마케도니아,남자,1 ,0 ,0 ,2 ,6 ,5 ,2 ,6 ,6 ,2 ,3 ,3 
유럽주,마케도니아,여자,0 ,0 ,0 ,0 ,0 ,0 ,0 ,0 ,0 ,0 ,0 ,0 
유럽주,산마리노,남자,0 ,0 ,0 ,0 ,2 ,0 ,3 ,1 ,0 ,0 ,0 ,0 
유럽주,산마리노,여자,0 ,0 ,0 ,0 ,2 ,0 ,3 ,2 ,0 ,0 ,0 ,0 
유럽주,교황청,남자,1 ,0 ,1 ,2 ,0 ,2 ,0 ,1 ,0 ,1 ,3 ,0 
유럽주,교황청,여자,0 ,0 ,0 ,0 ,0 ,0 ,0 ,0 ,0 ,0 ,0 ,0 
유럽주,세르비아몬테네그로,남자,0 ,0 ,0 ,0 ,0 ,0 ,0 ,0 ,0 ,0 ,0 ,0 
유럽주,세르비아몬테네그로,여자,0 ,0 ,0 ,0 ,0 ,0 ,0 ,0 ,0 ,0 ,0 ,0 
유럽주,영국 속령지시민,남자,0 ,0 ,0 ,0 ,1 ,0 ,0 ,0 ,0 ,0 ,0 ,0 
유럽주,영국 속령지시민,여자,0 ,0 ,0 ,0 ,0 ,0 ,0 ,0 ,0 ,0 ,0 ,0 
오세아니아주,오스트레일리아,남자,7530 ,4925 ,6758 ,10112 ,7451 ,7161 ,6479 ,7455 ,9260 ,8926 ,7286 ,10025 
오세아니아주,오스트레일리아,여자,6896 ,3541 ,5630 ,9926 ,6222 ,6160 ,5477 ,6333 ,8137 ,7439 ,6171 ,9380 
오세아니아주,오스트레일리아,제3의성,0 ,0 ,0 ,0 ,0 ,0 ,0 ,0 ,0 ,0 ,0 ,2 
오세아니아주,뉴질랜드,남자,1588 ,1171 ,1463 ,2137 ,1862 ,2050 ,1581 ,1834 ,2246 ,2158 ,1934 ,2503 
오세아니아주,뉴질랜드,여자,1196 ,743 ,1007 ,1694 ,1353 ,1534 ,1266 ,1342 ,1837 ,1632 ,1472 ,1901 
오세아니아주,피지,남자,296 ,164 ,119 ,137 ,207 ,180 ,144 ,183 ,154 ,55 ,58 ,44 
오세아니아주,피지,여자,182 ,75 ,77 ,77 ,132 ,133 ,113 ,141 ,120 ,31 ,24 ,28 
오세아니아주,키리바시,남자,53 ,75 ,76 ,95 ,69 ,67 ,61 ,50 ,46 ,70 ,34 ,79 
오세아니아주,키리바시,여자,10 ,3 ,7 ,5 ,12 ,26 ,14 ,4 ,4 ,5 ,3 ,3 
오세아니아주,미이크로네시아,남자,6 ,11 ,15 ,11 ,15 ,35 ,36 ,49 ,21 ,11 ,17 ,8 
오세아니아주,미이크로네시아,여자,10 ,7 ,8 ,9 ,18 ,22 ,24 ,47 ,20 ,11 ,10 ,13 
오세아니아주,팔라우,남자,11 ,12 ,9 ,1 ,12 ,17 ,25 ,19 ,15 ,8 ,10 ,12 
오세아니아주,팔라우,여자,12 ,12 ,11 ,5 ,23 ,26 ,29 ,20 ,27 ,27 ,13 ,19 
오세아니아주,사모아,남자,1 ,11 ,20 ,12 ,73 ,13 ,13 ,5 ,50 ,58 ,11 ,7 
오세아니아주,사모아,여자,1 ,0 ,1 ,1 ,1 ,5 ,5 ,2 ,3 ,8 ,10 ,5 
오세아니아주,파푸아뉴기니,남자,14 ,5 ,20 ,29 ,11 ,12 ,20 ,16 ,20 ,35 ,32 ,8 
오세아니아주,파푸아뉴기니,여자,3 ,6 ,4 ,13 ,8 ,7 ,10 ,10 ,2 ,10 ,14 ,5 
오세아니아주,바누아투,남자,4 ,13 ,0 ,11 ,12 ,28 ,29 ,25 ,17 ,30 ,10 ,7 
오세아니아주,바누아투,여자,0 ,1 ,2 ,2 ,3 ,3 ,0 ,1 ,0 ,4 ,1 ,3 
오세아니아주,통가,남자,10 ,15 ,10 ,11 ,6 ,3 ,9 ,6 ,6 ,8 ,12 ,6 
오세아니아주,통가,여자,4 ,7 ,3 ,9 ,7 ,1 ,3 ,2 ,7 ,8 ,9 ,3 
오세아니아주,솔로몬군도,남자,4 ,6 ,32 ,5 ,4 ,10 ,9 ,12 ,5 ,13 ,10 ,4 
오세아니아주,솔로몬군도,여자,1 ,1 ,4 ,3 ,3 ,3 ,5 ,4 ,4 ,5 ,5 ,1 
오세아니아주,투발루,남자,1 ,6 ,12 ,12 ,10 ,17 ,5 ,9 ,8 ,4 ,2 ,0 
오세아니아주,투발루,여자,0 ,2 ,0 ,19 ,10 ,8 ,0 ,6 ,1 ,2 ,2 ,1 
오세아니아주,마샬군도,남자,3 ,2 ,3 ,2 ,12 ,5 ,6 ,7 ,3 ,7 ,3 ,0 
오세아니아주,마샬군도,여자,1 ,0 ,4 ,4 ,0 ,5 ,8 ,4 ,0 ,6 ,2 ,1 
오세아니아주,나우루,남자,1 ,1 ,1 ,5 ,4 ,1 ,7 ,0 ,2 ,4 ,0 ,0 
오세아니아주,나우루,여자,0 ,1 ,0 ,3 ,1 ,4 ,1 ,0 ,1 ,1 ,0 ,0 
오세아니아주,미령사모아,남자,0 ,0 ,0 ,0 ,0 ,0 ,0 ,0 ,0 ,1 ,0 ,0 
오세아니아주,미령사모아,여자,0 ,0 ,0 ,0 ,0 ,0 ,0 ,0 ,0 ,0 ,0 ,0 
아프리카주,남아프리카공화국,남자,571 ,618 ,568 ,740 ,765 ,571 ,587 ,1157 ,706 ,792 ,491 ,532 
아프리카주,남아프리카공화국,여자,460 ,600 ,391 ,433 ,305 ,416 ,375 ,758 ,514 ,406 ,220 ,398 
아프리카주,에티오피아,남자,454 ,465 ,548 ,539 ,547 ,446 ,668 ,702 ,653 ,626 ,613 ,471 
아프리카주,에티오피아,여자,30 ,29 ,31 ,35 ,26 ,29 ,51 ,67 ,58 ,30 ,28 ,31 
아프리카주,이집트,남자,372 ,394 ,477 ,424 ,290 ,425 ,460 ,376 ,502 ,593 ,489 ,411 
아프리카주,이집트,여자,35 ,64 ,59 ,79 ,45 ,82 ,113 ,99 ,85 ,78 ,66 ,47 
아프리카주,모로코,남자,151 ,149 ,204 ,255 ,162 ,271 ,254 ,343 ,292 ,277 ,294 ,221 
아프리카주,모로코,여자,101 ,140 ,186 ,246 ,96 ,245 ,289 ,357 ,231 ,179 ,176 ,149 
아프리카주,리비아,남자,340 ,483 ,440 ,350 ,210 ,303 ,421 ,296 ,627 ,554 ,467 ,321 
아프리카주,리비아,여자,6 ,15 ,24 ,11 ,5 ,19 ,25 ,31 ,6 ,31 ,18 ,8 
아프리카주,나이지리아,남자,154 ,252 ,195 ,139 ,166 ,182 ,184 ,244 ,411 ,212 ,179 ,179 
아프리카주,나이지리아,여자,40 ,57 ,54 ,33 ,37 ,49 ,43 ,85 ,195 ,57 ,52 ,29 
아프리카주,가나,남자,169 ,183 ,235 ,179 ,218 ,205 ,245 ,291 ,334 ,283 ,226 ,140 
아프리카주,가나,여자,24 ,32 ,31 ,22 ,28 ,46 ,56 ,47 ,57 ,48 ,37 ,30 
아프리카주,케냐,남자,65 ,115 ,132 ,163 ,112 ,103 ,134 ,163 ,139 ,184 ,101 ,68 
아프리카주,케냐,여자,27 ,48 ,43 ,84 ,42 ,40 ,72 ,90 ,65 ,41 ,87 ,49 
아프리카주,튀니지,남자,66 ,44 ,102 ,96 ,71 ,128 ,113 ,116 ,114 ,133 ,128 ,112 
아프리카주,튀니지,여자,39 ,24 ,46 ,40 ,30 ,66 ,78 ,86 ,56 ,62 ,47 ,56 
아프리카주,알제리,남자,72 ,71 ,162 ,129 ,36 ,86 ,84 ,82 ,155 ,135 ,120 ,120 
아프리카주,알제리,여자,9 ,30 ,28 ,29 ,10 ,46 ,31 ,35 ,34 ,41 ,16 ,17 
아프리카주,모리셔스,남자,38 ,30 ,113 ,158 ,172 ,60 ,53 ,104 ,101 ,164 ,72 ,43 
아프리카주,모리셔스,여자,13 ,9 ,20 ,41 ,21 ,65 ,23 ,33 ,25 ,27 ,23 ,16 
아프리카주,탄자니아,남자,50 ,83 ,58 ,77 ,37 ,94 ,56 ,100 ,87 ,85 ,91 ,77 
아프리카주,탄자니아,여자,3 ,23 ,12 ,15 ,9 ,23 ,20 ,46 ,19 ,28 ,17 ,13 
아프리카주,수단,남자,75 ,56 ,81 ,72 ,51 ,49 ,76 ,52 ,92 ,108 ,80 ,77 
아프리카주,수단,여자,9 ,13 ,17 ,16 ,12 ,10 ,13 ,25 ,18 ,8 ,13 ,20 
아프리카주,우간다,남자,32 ,67 ,35 ,25 ,59 ,30 ,58 ,66 ,88 ,69 ,40 ,25 
아프리카주,우간다,여자,10 ,18 ,22 ,15 ,16 ,36 ,25 ,37 ,54 ,26 ,24 ,10 
아프리카주,마다가스카르,남자,12 ,12 ,25 ,18 ,174 ,37 ,39 ,19 ,141 ,208 ,13 ,24 
아프리카주,마다가스카르,여자,7 ,10 ,5 ,8 ,9 ,10 ,10 ,15 ,7 ,14 ,2 ,6 
아프리카주,카메룬,남자,34 ,45 ,46 ,42 ,30 ,42 ,59 ,65 ,62 ,42 ,43 ,27 
아프리카주,카메룬,여자,11 ,22 ,19 ,14 ,16 ,19 ,21 ,42 ,31 ,12 ,20 ,11 
아프리카주,짐바브웨,남자,15 ,22 ,87 ,73 ,70 ,26 ,31 ,67 ,40 ,69 ,46 ,19 
아프리카주,짐바브웨,여자,12 ,6 ,7 ,7 ,7 ,21 ,15 ,18 ,11 ,15 ,11 ,9 
아프리카주,세네갈,남자,19 ,29 ,33 ,58 ,37 ,43 ,33 ,44 ,40 ,49 ,52 ,30 
아프리카주,세네갈,여자,4 ,8 ,1 ,36 ,12 ,23 ,19 ,25 ,15 ,8 ,13 ,3 
아프리카주,코트디부아르,남자,6 ,43 ,5 ,23 ,23 ,31 ,59 ,48 ,26 ,68 ,55 ,19 
아프리카주,코트디부아르,여자,8 ,13 ,7 ,12 ,7 ,12 ,23 ,25 ,5 ,17 ,20 ,8 
아프리카주,르완다,남자,17 ,25 ,12 ,14 ,25 ,36 ,30 ,75 ,39 ,37 ,31 ,9 
아프리카주,르완다,여자,8 ,14 ,3 ,5 ,14 ,5 ,14 ,38 ,17 ,16 ,13 ,8 
아프리카주,콩고민주공화국,남자,17 ,31 ,17 ,53 ,39 ,22 ,37 ,38 ,22 ,30 ,11 ,37 
아프리카주,콩고민주공화국,여자,6 ,14 ,4 ,16 ,18 ,6 ,13 ,8 ,9 ,9 ,6 ,12 
아프리카주,앙골라,남자,17 ,16 ,34 ,31 ,47 ,41 ,18 ,38 ,11 ,43 ,17 ,15 
아프리카주,앙골라,여자,1 ,8 ,13 ,2 ,14 ,9 ,6 ,28 ,5 ,15 ,5 ,2 
아프리카주,라이베리아,남자,37 ,47 ,36 ,35 ,35 ,24 ,35 ,21 ,14 ,15 ,14 ,17 
아프리카주,라이베리아,여자,8 ,11 ,6 ,4 ,8 ,8 ,21 ,4 ,4 ,5 ,10 ,3 
아프리카주,모잠비크,남자,10 ,12 ,14 ,14 ,8 ,18 ,22 ,29 ,18 ,34 ,13 ,9 
아프리카주,모잠비크,여자,3 ,8 ,2 ,4 ,5 ,18 ,10 ,14 ,12 ,9 ,7 ,7 
아프리카주,잠비아,남자,12 ,18 ,13 ,19 ,6 ,6 ,14 ,22 ,18 ,10 ,21 ,6 
아프리카주,잠비아,여자,8 ,17 ,4 ,7 ,1 ,4 ,8 ,13 ,10 ,12 ,10 ,5 
아프리카주,말리,남자,8 ,44 ,13 ,9 ,7 ,9 ,20 ,17 ,24 ,42 ,16 ,20 
아프리카주,말리,여자,1 ,5 ,1 ,1 ,2 ,4 ,2 ,2 ,3 ,4 ,4 ,1 
아프리카주,기니,남자,17 ,28 ,21 ,11 ,10 ,12 ,31 ,17 ,17 ,20 ,14 ,27 
아프리카주,기니,여자,1 ,3 ,0 ,1 ,2 ,0 ,5 ,1 ,4 ,0 ,3 ,2 
아프리카주,보츠와나,남자,6 ,7 ,4 ,21 ,9 ,4 ,15 ,11 ,9 ,12 ,14 ,6 
아프리카주,보츠와나,여자,9 ,6 ,4 ,4 ,5 ,3 ,19 ,14 ,5 ,9 ,12 ,8 
아프리카주,토고,남자,5 ,18 ,6 ,9 ,6 ,17 ,15 ,29 ,5 ,9 ,24 ,5 
아프리카주,토고,여자,1 ,2 ,2 ,7 ,0 ,2 ,6 ,3 ,4 ,1 ,3 ,1 
아프리카주,나미비아,남자,11 ,6 ,7 ,10 ,18 ,10 ,16 ,15 ,10 ,9 ,13 ,12 
아프리카주,나미비아,여자,2 ,4 ,3 ,0 ,0 ,4 ,2 ,5 ,3 ,3 ,3 ,1 
아프리카주,감비아,남자,7 ,5 ,10 ,6 ,21 ,9 ,24 ,16 ,15 ,12 ,12 ,10 
아프리카주,감비아,여자,3 ,3 ,0 ,1 ,1 ,2 ,5 ,0 ,0 ,3 ,0 ,0 
아프리카주,말라위,남자,13 ,13 ,6 ,12 ,4 ,6 ,9 ,16 ,19 ,10 ,3 ,8 
아프리카주,말라위,여자,3 ,4 ,2 ,3 ,0 ,7 ,7 ,4 ,2 ,3 ,4 ,3 
아프리카주,부룬디,남자,5 ,20 ,8 ,11 ,8 ,12 ,11 ,22 ,7 ,8 ,5 ,1 
아프리카주,부룬디,여자,1 ,6 ,3 ,1 ,0 ,3 ,7 ,4 ,7 ,1 ,1 ,1 
아프리카주,가봉,남자,7 ,14 ,4 ,10 ,5 ,3 ,12 ,19 ,9 ,7 ,1 ,3 
아프리카주,가봉,여자,4 ,4 ,6 ,3 ,5 ,2 ,10 ,8 ,5 ,3 ,0 ,5 
아프리카주,베냉,남자,4 ,16 ,5 ,13 ,9 ,4 ,15 ,27 ,10 ,4 ,5 ,4 
아프리카주,베냉,여자,2 ,1 ,3 ,1 ,1 ,1 ,8 ,5 ,5 ,3 ,0 ,2 
아프리카주,부르키나파소,남자,5 ,2 ,4 ,11 ,14 ,7 ,19 ,7 ,6 ,24 ,4 ,8 
아프리카주,부르키나파소,여자,0 ,1 ,0 ,2 ,6 ,0 ,3 ,1 ,1 ,2 ,0 ,2 
아프리카주,스와질란드,남자,0 ,0 ,0 ,0 ,0 ,0 ,0 ,0 ,0 ,0 ,0 ,0 
아프리카주,스와질란드,여자,0 ,0 ,0 ,0 ,0 ,0 ,0 ,0 ,0 ,0 ,0 ,0 
아프리카주,세이셸,남자,6 ,5 ,7 ,9 ,10 ,4 ,20 ,18 ,2 ,3 ,8 ,2 
아프리카주,세이셸,여자,0 ,1 ,2 ,0 ,6 ,4 ,2 ,9 ,3 ,2 ,2 ,1 
아프리카주,시에라리온,남자,1 ,7 ,4 ,4 ,8 ,4 ,12 ,8 ,5 ,5 ,6 ,4 
아프리카주,시에라리온,여자,1 ,3 ,1 ,2 ,1 ,1 ,2 ,1 ,5 ,2 ,4 ,1 
아프리카주,에스와티니,남자,3 ,1 ,4 ,3 ,3 ,4 ,6 ,6 ,3 ,7 ,5 ,3 
아프리카주,에스와티니,여자,2 ,0 ,1 ,1 ,1 ,3 ,4 ,5 ,2 ,10 ,4 ,7 
아프리카주,니제르,남자,2 ,16 ,4 ,0 ,5 ,3 ,7 ,5 ,2 ,1 ,3 ,7 
아프리카주,니제르,여자,0 ,3 ,0 ,2 ,0 ,0 ,1 ,0 ,0 ,2 ,0 ,4 
아프리카주,콩고,남자,1 ,2 ,4 ,7 ,2 ,0 ,6 ,10 ,6 ,1 ,4 ,2 
아프리카주,콩고,여자,1 ,2 ,4 ,0 ,1 ,0 ,4 ,5 ,2 ,0 ,1 ,0 
아프리카주,레소토,남자,1 ,4 ,0 ,5 ,4 ,1 ,10 ,6 ,0 ,2 ,7 ,1 
아프리카주,레소토,여자,0 ,3 ,0 ,1 ,3 ,2 ,4 ,4 ,0 ,2 ,1 ,0 
아프리카주,남수단공화국,남자,0 ,1 ,2 ,1 ,2 ,1 ,9 ,27 ,0 ,7 ,2 ,1 
아프리카주,남수단공화국,여자,0 ,0 ,0 ,0 ,1 ,2 ,1 ,0 ,0 ,1 ,0 ,0 
아프리카주,소말리아,남자,2 ,12 ,1 ,0 ,3 ,2 ,1 ,2 ,3 ,4 ,0 ,0 
아프리카주,소말리아,여자,0 ,2 ,2 ,5 ,1 ,2 ,2 ,4 ,2 ,0 ,3 ,2 
아프리카주,모리타니,남자,1 ,0 ,10 ,4 ,4 ,0 ,3 ,4 ,1 ,3 ,8 ,0 
아프리카주,모리타니,여자,0 ,4 ,0 ,3 ,0 ,0 ,0 ,0 ,2 ,1 ,0 ,1 
아프리카주,차드,남자,1 ,5 ,5 ,3 ,3 ,1 ,2 ,9 ,4 ,7 ,1 ,0 
아프리카주,차드,여자,0 ,0 ,1 ,1 ,1 ,0 ,1 ,0 ,1 ,0 ,0 ,0 
아프리카주,코모로,남자,0 ,0 ,2 ,3 ,1 ,0 ,3 ,3 ,2 ,1 ,5 ,1 
아프리카주,코모로,여자,1 ,0 ,4 ,6 ,0 ,1 ,2 ,3 ,1 ,1 ,2 ,0 
아프리카주,적도기니,남자,1 ,1 ,1 ,1 ,6 ,0 ,8 ,1 ,0 ,4 ,1 ,0 
아프리카주,적도기니,여자,0 ,0 ,0 ,0 ,1 ,0 ,6 ,0 ,1 ,3 ,0 ,0 
아프리카주,카보베르데,남자,0 ,2 ,5 ,1 ,1 ,0 ,1 ,1 ,6 ,2 ,1 ,3 
아프리카주,카보베르데,여자,0 ,0 ,0 ,0 ,1 ,0 ,0 ,2 ,4 ,1 ,0 ,1 
아프리카주,기니비사우,남자,4 ,0 ,2 ,3 ,0 ,0 ,0 ,1 ,1 ,2 ,3 ,4 
아프리카주,기니비사우,여자,1 ,0 ,0 ,0 ,1 ,1 ,0 ,2 ,1 ,1 ,0 ,0 
아프리카주,중앙아프리카공화국,남자,6 ,1 ,3 ,0 ,1 ,0 ,3 ,2 ,1 ,0 ,1 ,1 
아프리카주,중앙아프리카공화국,여자,3 ,0 ,0 ,0 ,0 ,0 ,1 ,1 ,0 ,1 ,0 ,0 
아프리카주,에리트레아,남자,2 ,1 ,0 ,1 ,2 ,2 ,2 ,0 ,0 ,3 ,0 ,3 
아프리카주,에리트레아,여자,1 ,0 ,0 ,0 ,2 ,2 ,0 ,2 ,0 ,1 ,0 ,0 
아프리카주,상투메프린시페,남자,0 ,8 ,0 ,0 ,0 ,0 ,0 ,6 ,1 ,0 ,0 ,0 
아프리카주,상투메프린시페,여자,0 ,7 ,0 ,0 ,0 ,0 ,0 ,1 ,0 ,0 ,0 ,0 
아프리카주,지부티,남자,1 ,0 ,2 ,0 ,0 ,0 ,5 ,0 ,2 ,0 ,0 ,0 
아프리카주,지부티,여자,1 ,0 ,0 ,1 ,0 ,0 ,1 ,1 ,0 ,1 ,0 ,0 
기타,기타,남자,76 ,88 ,121 ,114 ,152 ,147 ,97 ,105 ,117 ,138 ,170 ,91 
기타,기타,여자,27 ,57 ,49 ,59 ,58 ,72 ,62 ,68 ,74 ,70 ,131 ,66 
